crown_uid,area,crown_area_m2,species_clean,label_acacia_visual,label_acacia_species,label_acacia_clustering,pred_acacia_visual_model,prob_acacia_visual_model,model_confidence,model_cluster_disagree,uncertain,lon,lat,source_file,source_index,orig_crown_id
SV_S1:crown_0378,SV_S1,14.582764424005727,,-1,-1,1,0,0.036828702286016604,0.9631712977139834,True,False,77.17677568060418,28.53342979070589,s1_master_format.geojson,377,crown_0378
SV_S1:crown_0013,SV_S1,38.748854000630686,Amaltas,-1,0,0,1,0.953905813077934,0.953905813077934,True,False,77.17591844461207,28.53202264024065,s1_master_format.geojson,12,crown_0013
SV_S2:crown_0171,SV_S2,35.20252932110366,,-1,-1,1,0,0.04807964815337639,0.9519203518466236,True,False,77.17367976905999,28.529511031828186,s2_master_format.geojson,170,crown_0171
SV_S4:crown_0122,SV_S4,27.68428856032691,,-1,-1,0,1,0.9456824089693389,0.9456824089693389,True,False,77.18333639034586,28.53284882643541,s4_master_format.geojson,121,crown_0122
SV_S3:crown_0326,SV_S3,13.010906468906045,,-1,-1,0,1,0.9447637709534653,0.9447637709534653,True,False,77.18621765066678,28.53159598156771,s3_master_format.geojson,325,crown_0326
SV_S4:crown_0173,SV_S4,9.825114975636073,,-1,-1,0,1,0.9396836171148172,0.9396836171148172,True,False,77.18326557824628,28.532755631512057,s4_master_format.geojson,172,crown_0173
SV_S4:crown_0169,SV_S4,12.196260054140943,,-1,-1,0,1,0.9330539451017157,0.9330539451017157,True,False,77.18346441944443,28.53271995316486,s4_master_format.geojson,168,crown_0169
SV_S1:crown_0119,SV_S1,10.170459294811707,,-1,-1,0,1,0.93104843892315,0.93104843892315,True,False,77.17590213159757,28.53271720270383,s1_master_format.geojson,118,crown_0119
SV_S1:crown_0375,SV_S1,16.74592180868744,,-1,-1,1,0,0.07112275397610734,0.9288772460238927,True,False,77.17680311071592,28.53350127697153,s1_master_format.geojson,374,crown_0375
SV_S3:crown_0387,SV_S3,21.543974195220407,,-1,-1,0,1,0.926940493609206,0.926940493609206,True,False,77.18631032249029,28.531343330442173,s3_master_format.geojson,386,crown_0387
SV_S1:crown_0572,SV_S1,26.931579404350423,,-1,-1,1,0,0.07450118606961748,0.9254988139303826,True,False,77.17731204435783,28.53361184043661,s1_master_format.geojson,571,crown_0572
SV_S1:crown_0530,SV_S1,23.36537938204296,,-1,-1,0,1,0.9253092733587638,0.9253092733587638,True,False,77.17745343482122,28.532277861788675,s1_master_format.geojson,529,crown_0530
SV_S1:crown_0548,SV_S1,18.310946274558177,,-1,-1,0,1,0.9253092733587638,0.9253092733587638,True,False,77.17738948880525,28.5322382176651,s1_master_format.geojson,547,crown_0548
SV_S3:crown_0452,SV_S3,11.129484269054181,,-1,-1,0,1,0.9251053035294848,0.9251053035294848,True,False,77.18648434899713,28.531126867850595,s3_master_format.geojson,451,crown_0452
SV_S3:crown_0400,SV_S3,17.669567446923363,,-1,-1,0,1,0.9245145498889802,0.9245145498889802,True,False,77.18626490761494,28.53150281552734,s3_master_format.geojson,399,crown_0400
SV_S2:crown_0175,SV_S2,23.904586635341627,,-1,-1,1,0,0.07772077167943807,0.922279228320562,True,False,77.17375735105531,28.529506299895043,s2_master_format.geojson,174,crown_0175
SV_S1:crown_0654,SV_S1,65.79602044241402,,-1,-1,1,0,0.07787320580368613,0.9221267941963138,True,False,77.1773900802564,28.53362241251225,s1_master_format.geojson,653,crown_0654
SV_S1:crown_0501,SV_S1,21.243417369805254,,-1,-1,1,0,0.07814974080435137,0.9218502591956487,True,False,77.17680204467288,28.533456199139668,s1_master_format.geojson,500,crown_0501
SV_S2:crown_0530,SV_S2,31.651420081625,,-1,-1,0,1,0.921630851580578,0.921630851580578,True,False,77.17472531485502,28.52785025805799,s2_master_format.geojson,529,crown_0530
SV_S3:crown_0420,SV_S3,16.35839886876746,,-1,-1,0,1,0.914361582595781,0.914361582595781,True,False,77.18642969681292,28.531444293725524,s3_master_format.geojson,419,crown_0420
SV_S3:crown_0396,SV_S3,15.188445815271661,,-1,-1,0,1,0.9091287648598868,0.9091287648598868,True,False,77.18625180692966,28.53138537437493,s3_master_format.geojson,395,crown_0396
SV_S1:crown_0573,SV_S1,12.485799616677916,,-1,-1,1,0,0.09189335712159905,0.9081066428784009,True,False,77.17733742259378,28.533517460248127,s1_master_format.geojson,572,crown_0573
SV_S1:crown_0532,SV_S1,26.172264566054576,,-1,-1,0,1,0.9048987920845879,0.9048987920845879,True,False,77.17738072768447,28.532326829474115,s1_master_format.geojson,531,crown_0532
SV_S1:crown_0355,SV_S1,16.405959939583923,,-1,-1,1,0,0.09641497216329248,0.9035850278367075,True,False,77.17680601919129,28.53313371596643,s1_master_format.geojson,354,crown_0355
SV_S2:crown_0529,SV_S2,18.343121659587936,,-1,-1,0,1,0.8998986868564023,0.8998986868564023,True,False,77.17484706125292,28.527882607781137,s2_master_format.geojson,528,crown_0529
SV_S2:crown_0203,SV_S2,46.157089675532426,,-1,-1,0,1,0.8998685399655506,0.8998685399655506,True,False,77.1739705953214,28.52848309944091,s2_master_format.geojson,202,crown_0203
SV_S1:crown_0304,SV_S1,103.1040360441198,,-1,-1,1,0,0.1032379362604232,0.8967620637395768,True,False,77.17662196358803,28.5335739985681,s1_master_format.geojson,303,crown_0304
SV_S3:crown_0039,SV_S3,13.14133901867373,,-1,-1,0,1,0.8953483318568639,0.8953483318568639,True,False,77.18506383923719,28.53085399642929,s3_master_format.geojson,38,crown_0039
SV_S2:crown_0600,SV_S2,24.41565131511971,,-1,-1,0,1,0.8943109412469975,0.8943109412469975,True,False,77.17497488774275,28.52786063978684,s2_master_format.geojson,599,crown_0600
SV_S3:crown_0339,SV_S3,14.299887001025173,,-1,-1,0,1,0.8863618781001871,0.8863618781001871,True,False,77.18607953568072,28.53113025745384,s3_master_format.geojson,338,crown_0339
SV_S3:crown_0346,SV_S3,13.194631814762165,,-1,-1,0,1,0.8838779319633463,0.8838779319633463,True,False,77.18614819093665,28.53153731684214,s3_master_format.geojson,345,crown_0346
SV_S2:crown_0151,SV_S2,15.747710253972945,,-1,-1,0,1,0.8795916151986726,0.8795916151986726,True,False,77.17354607745942,28.529325203852625,s2_master_format.geojson,150,crown_0151
SV_S1:crown_0597,SV_S1,17.700214778074645,,-1,-1,0,1,0.8781780034998082,0.8781780034998082,True,False,77.177198924455,28.532019168139723,s1_master_format.geojson,596,crown_0597
SV_S3:crown_0475,SV_S3,21.927806712279057,,-1,-1,0,1,0.8768534108230184,0.8768534108230184,True,False,77.18651031629884,28.53127119722556,s3_master_format.geojson,474,crown_0475
SV_S3:crown_0455,SV_S3,19.290124542346568,,-1,-1,0,1,0.8768534108230184,0.8768534108230184,True,False,77.18656442472155,28.53124414135621,s3_master_format.geojson,454,crown_0455
SV_S3:crown_0550,SV_S3,17.80207365348064,,-1,-1,0,1,0.8768534108230184,0.8768534108230184,True,False,77.18643296032748,28.531274450216213,s3_master_format.geojson,549,crown_0550
SV_S3:crown_0059,SV_S3,24.578345511170735,,-1,-1,0,1,0.8753488079362574,0.8753488079362574,True,False,77.18509877742117,28.530580869299435,s3_master_format.geojson,58,crown_0059
SV_S2:crown_0108,SV_S2,29.22964696487312,,-1,-1,0,1,0.875004530010189,0.875004530010189,True,False,77.17313487207804,28.528517286605577,s2_master_format.geojson,107,crown_0108
SV_S2:crown_0308,SV_S2,41.83766536259404,,-1,-1,1,0,0.12697523551256162,0.8730247644874384,True,False,77.17426062030498,28.52838071136869,s2_master_format.geojson,307,crown_0308
SV_S2:crown_0478,SV_S2,13.212545376494392,,-1,-1,1,0,0.12697523551256162,0.8730247644874384,True,False,77.17432084575516,28.52836261553082,s2_master_format.geojson,477,crown_0478
SV_S2:crown_0667,SV_S2,12.435754555603515,,-1,-1,0,1,0.8684778244085719,0.8684778244085719,True,False,77.17528198225747,28.528058409428464,s2_master_format.geojson,666,crown_0667
SV_S2:crown_0545,SV_S2,13.258131154038146,,-1,-1,0,1,0.8680696490774946,0.8680696490774946,True,False,77.17454800075862,28.52811641428041,s2_master_format.geojson,544,crown_0545
SV_S2:crown_0455,SV_S2,15.939216339272493,,-1,-1,0,1,0.8680696490774946,0.8680696490774946,True,False,77.17458677228463,28.528099935861302,s2_master_format.geojson,454,crown_0455
SV_S2:crown_0465,SV_S2,22.370018149951775,,-1,-1,1,0,0.1331320807826802,0.8668679192173198,True,False,77.17443418152742,28.527869357617195,s2_master_format.geojson,464,crown_0465
SV_S3:crown_0584,SV_S3,11.398436610764076,,-1,-1,0,1,0.860977239855083,0.860977239855083,True,False,77.18672531873206,28.530492747616485,s3_master_format.geojson,583,crown_0584
SV_S1:crown_0079,SV_S1,15.265287876071776,,-1,-1,0,1,0.8607790791567212,0.8607790791567212,True,False,77.17584469523062,28.532577211306634,s1_master_format.geojson,78,crown_0079
SV_S1:crown_0065,SV_S1,32.7775237345683,,-1,-1,0,1,0.8607790791567212,0.8607790791567212,True,False,77.17588036108924,28.532611655661736,s1_master_format.geojson,64,crown_0065
SV_S4:crown_0163,SV_S4,14.092496249562226,,-1,-1,0,1,0.8601027372540626,0.8601027372540626,True,False,77.18337305134816,28.532579841694847,s4_master_format.geojson,162,crown_0163
SV_S3:crown_0559,SV_S3,15.347494732778939,,-1,-1,0,1,0.858883139996945,0.858883139996945,True,False,77.18620366168128,28.532002614964306,s3_master_format.geojson,558,crown_0559
SV_S3:crown_0404,SV_S3,14.155146264944594,,-1,-1,0,1,0.8574248886157367,0.8574248886157367,True,False,77.18625346554691,28.53177599831124,s3_master_format.geojson,403,crown_0404
SV_S1:crown_0038,SV_S1,31.838029104776105,,-1,-1,0,1,0.8568779365470307,0.8568779365470307,True,False,77.1757949334922,28.532562168379105,s1_master_format.geojson,37,crown_0038
SV_S4:crown_0130,SV_S4,25.174370097380063,Bamboo clump,-1,0,1,0,0.14325955899548884,0.8567404410045112,True,False,77.18344860394788,28.533264099249227,s4_master_format.geojson,129,crown_0130
SV_S4:crown_0117,SV_S4,30.607927631303227,,-1,-1,0,1,0.8564918201268898,0.8564918201268898,True,False,77.18345144841658,28.532760614305552,s4_master_format.geojson,116,crown_0117
SV_S1:crown_0539,SV_S1,26.930979474986927,,-1,-1,0,1,0.8559695121249428,0.8559695121249428,True,False,77.1773906905171,28.532408423407567,s1_master_format.geojson,538,crown_0539
SV_S2:crown_0002,SV_S2,39.90496580238223,,-1,-1,0,1,0.8547786705472186,0.8547786705472186,True,False,77.17313019495579,28.528658500929915,s2_master_format.geojson,1,crown_0002
SV_S3:crown_0282,SV_S3,16.741194570506245,,-1,-1,0,1,0.853397269233174,0.853397269233174,True,False,77.1860565555697,28.530970246907,s3_master_format.geojson,281,crown_0282
SV_S1:crown_0436,SV_S1,20.60948848210286,,-1,-1,1,0,0.1474665551872044,0.8525334448127956,True,False,77.17696764194284,28.533421535870684,s1_master_format.geojson,435,crown_0436
SV_S1:crown_0438,SV_S1,21.310409869630885,,-1,-1,1,0,0.1474665551872044,0.8525334448127956,True,False,77.17699889268857,28.533445423838,s1_master_format.geojson,437,crown_0438
SV_S1:crown_0235,SV_S1,29.722066427993223,,-1,-1,0,1,0.8485132066231302,0.8485132066231302,True,False,77.17591320059061,28.53187078170265,s1_master_format.geojson,234,crown_0235
SV_S2:crown_0467,SV_S2,26.50228878448963,,-1,-1,0,1,0.8475857447728741,0.8475857447728741,True,False,77.17468964205412,28.52798335550005,s2_master_format.geojson,466,crown_0467
SV_S1:crown_0601,SV_S1,40.07290549930981,,-1,-1,0,1,0.8465699996962388,0.8465699996962388,True,False,77.1774709850342,28.532520862296067,s1_master_format.geojson,600,crown_0601
SV_S1:crown_0555,SV_S1,18.980071226765048,,-1,-1,0,1,0.8465699996962388,0.8465699996962388,True,False,77.17742953853474,28.53247491088348,s1_master_format.geojson,554,crown_0555
SV_S1:crown_0537,SV_S1,24.622438402600785,,-1,-1,0,1,0.8465699996962388,0.8465699996962388,True,False,77.17738125463362,28.53254301707248,s1_master_format.geojson,536,crown_0537
SV_S1:crown_0376,SV_S1,19.036264929825084,,-1,-1,1,0,0.1558910682420917,0.8441089317579082,True,False,77.17678712994353,28.53337478588433,s1_master_format.geojson,375,crown_0376
SV_S2:crown_0120,SV_S2,50.16336948148355,,-1,-1,0,1,0.8417664206698194,0.8417664206698194,True,False,77.17362707801067,28.52930067024603,s2_master_format.geojson,119,crown_0120
SV_S2:crown_0272,SV_S2,30.42060406616405,,-1,-1,0,1,0.8417664206698194,0.8417664206698194,True,False,77.17361859673478,28.529307999968022,s2_master_format.geojson,271,crown_0272
SV_S2:crown_0125,SV_S2,8.242779228400956,,-1,-1,0,1,0.8417664206698194,0.8417664206698194,True,False,77.17357585742623,28.52926820713839,s2_master_format.geojson,124,crown_0125
SV_S2:crown_0037,SV_S2,30.832937736258888,,-1,-1,0,1,0.8416200698602986,0.8416200698602986,True,False,77.17313988021256,28.52845486794248,s2_master_format.geojson,36,crown_0037
SV_S4:crown_0042,SV_S4,75.62629051510265,,-1,-1,1,0,0.15927548683766682,0.8407245131623332,True,False,77.18380106246138,28.533557896494475,s4_master_format.geojson,41,crown_0042
SV_S1:crown_0312,SV_S1,43.354737410487004,,-1,-1,1,0,0.15963923569023336,0.8403607643097666,True,False,77.17659816504448,28.53358188127245,s1_master_format.geojson,311,crown_0312
SV_S4:crown_0157,SV_S4,16.408251953658592,,-1,-1,0,1,0.8393723069672653,0.8393723069672653,True,False,77.18295872283223,28.53289846731732,s4_master_format.geojson,156,crown_0157
SV_S1:crown_0579,SV_S1,14.065622427401863,,-1,-1,1,0,0.16312171600175326,0.8368782839982467,True,False,77.17688644192425,28.533525001573658,s1_master_format.geojson,578,crown_0579
SV_S2:crown_0619,SV_S2,11.170806466677444,,-1,-1,0,1,0.8361884240656707,0.8361884240656707,True,False,77.17506663152078,28.52833058446749,s2_master_format.geojson,618,crown_0619
SV_S4:crown_0092,SV_S4,41.11911098876408,,-1,-1,1,0,0.16488840121421153,0.8351115987857884,True,False,77.18369337687221,28.53338364029696,s4_master_format.geojson,91,crown_0092
SV_S1:crown_0368,SV_S1,84.8394845609487,,-1,-1,1,0,0.16490231203511022,0.8350976879648898,True,False,77.17684792128061,28.533376564403312,s1_master_format.geojson,367,crown_0368
SV_S4:crown_0160,SV_S4,14.817957068219552,,-1,-1,0,1,0.8328370264616148,0.8328370264616148,True,False,77.18295939185585,28.53276722275875,s4_master_format.geojson,159,crown_0160
SV_S2:crown_0289,SV_S2,23.207055498291137,,-1,-1,1,0,0.16730166712171216,0.8326983328782879,True,False,77.17424873557431,28.528321306197288,s2_master_format.geojson,288,crown_0289
SV_S2:crown_0261,SV_S2,51.964809488905644,,-1,-1,1,0,0.16858045600312818,0.8314195439968718,True,False,77.17397323513981,28.529805659690588,s2_master_format.geojson,260,crown_0261
SV_S1:crown_0364,SV_S1,34.96647821891836,,-1,-1,1,0,0.1692374869053496,0.8307625130946504,True,False,77.17666656436815,28.533149298712686,s1_master_format.geojson,363,crown_0364
SV_S2:crown_0140,SV_S2,14.262621805610433,,-1,-1,1,0,0.17280123285403287,0.8271987671459671,True,False,77.1738459618273,28.5289721792232,s2_master_format.geojson,139,crown_0140
SV_S2:crown_0107,SV_S2,31.17723635513382,,-1,-1,1,0,0.17280123285403287,0.8271987671459671,True,False,77.17388642541098,28.529036276543923,s2_master_format.geojson,106,crown_0107
SV_S3:crown_0080,SV_S3,13.316147674216973,,-1,-1,0,1,0.8261788016421125,0.8261788016421125,True,False,77.1857395092079,28.531266368060752,s3_master_format.geojson,79,crown_0080
SV_S3:crown_0087,SV_S3,14.893158130323217,,-1,-1,0,1,0.8261788016421125,0.8261788016421125,True,False,77.18567783526018,28.53126758601519,s3_master_format.geojson,86,crown_0087
SV_S3:crown_0105,SV_S3,16.62755857146167,,-1,-1,0,1,0.8261788016421125,0.8261788016421125,True,False,77.18577336575963,28.531286868171165,s3_master_format.geojson,104,crown_0105
SV_S4:crown_0128,SV_S4,25.736462257591178,,-1,-1,1,0,0.1764994976586772,0.8235005023413228,True,False,77.18362754665142,28.533508692198616,s4_master_format.geojson,127,crown_0128
SV_S3:crown_0487,SV_S3,15.230540900343026,,-1,-1,0,1,0.8212104765952629,0.8212104765952629,True,False,77.18604582927871,28.53131800338966,s3_master_format.geojson,486,crown_0487
SV_S1:crown_0041,SV_S1,9.68171411421472,,-1,-1,0,1,0.8212051849204891,0.8212051849204891,True,False,77.17590266037756,28.532229221369537,s1_master_format.geojson,40,crown_0041
SV_S2:crown_0033,SV_S2,39.63099298891828,,-1,-1,0,1,0.8211962445965421,0.8211962445965421,True,False,77.17315634430193,28.52875634641819,s2_master_format.geojson,32,crown_0033
SV_S3:crown_0340,SV_S3,24.285960937801455,,-1,-1,0,1,0.8206754650488385,0.8206754650488385,True,False,77.18596898593256,28.53130782158007,s3_master_format.geojson,339,crown_0340
SV_S3:crown_0338,SV_S3,12.607581636844039,,-1,-1,0,1,0.8206754650488385,0.8206754650488385,True,False,77.1859951016789,28.53133636185505,s3_master_format.geojson,337,crown_0338
SV_S4:crown_0136,SV_S4,24.013192886085722,,-1,-1,0,1,0.8201991484253287,0.8201991484253287,True,False,77.18331927259398,28.53248542463092,s4_master_format.geojson,135,crown_0136
SV_S2:crown_0519,SV_S2,20.70327380163165,,-1,-1,0,1,0.8194328024707309,0.8194328024707309,True,False,77.17472975757407,28.52795909882424,s2_master_format.geojson,518,crown_0519
SV_S2:crown_0528,SV_S2,18.27073419413983,,-1,-1,0,1,0.8194328024707309,0.8194328024707309,True,False,77.17472161671571,28.527904669866857,s2_master_format.geojson,527,crown_0528
SV_S2:crown_0540,SV_S2,17.03923095377217,,-1,-1,0,1,0.8194328024707309,0.8194328024707309,True,False,77.1747988435135,28.527958883374044,s2_master_format.geojson,539,crown_0540
SV_S2:crown_0539,SV_S2,54.23974600433944,,-1,-1,0,1,0.8189784630858526,0.8189784630858526,True,False,77.17464113073044,28.527920266676325,s2_master_format.geojson,538,crown_0539
SV_S2:crown_0597,SV_S2,22.27861751196969,,-1,-1,0,1,0.8188064713518328,0.8188064713518328,True,False,77.17512567674135,28.528558687256123,s2_master_format.geojson,596,crown_0597
SV_S2:crown_0053,SV_S2,14.956716821839146,,-1,-1,0,1,0.818536565325734,0.818536565325734,True,False,77.17307543899729,28.52865186249767,s2_master_format.geojson,52,crown_0053
SV_S2:crown_0668,SV_S2,12.453393270426263,,-1,-1,0,1,0.8177736162843626,0.8177736162843626,True,False,77.17527119708353,28.527884340997144,s2_master_format.geojson,667,crown_0668
SV_S1:crown_0150,SV_S1,45.61168427118776,,-1,-1,0,1,0.8175375862075204,0.8175375862075204,True,False,77.17572170733641,28.532707114355127,s1_master_format.geojson,149,crown_0150
SV_S3:crown_0012,SV_S3,40.63191790436499,,-1,-1,0,1,0.8171722987631365,0.8171722987631365,True,False,77.18580214189734,28.531063832014286,s3_master_format.geojson,11,crown_0012
SV_S3:crown_0302,SV_S3,23.136122285313174,,-1,-1,0,1,0.8171722987631365,0.8171722987631365,True,False,77.18581577945348,28.53106781693257,s3_master_format.geojson,301,crown_0302
SV_S3:crown_0508,SV_S3,23.06395927906506,,-1,-1,0,1,0.817140128403609,0.817140128403609,True,False,77.18653347351727,28.53046825527524,s3_master_format.geojson,507,crown_0508
SV_S3:crown_0583,SV_S3,17.27163410920302,,-1,-1,0,1,0.817140128403609,0.817140128403609,True,False,77.18653762711565,28.53041204454882,s3_master_format.geojson,582,crown_0583
SV_S1:crown_0090,SV_S1,24.96759968470602,,-1,-1,0,1,0.8158115152557559,0.8158115152557559,True,False,77.17576553370218,28.532608312935388,s1_master_format.geojson,89,crown_0090
SV_S3:crown_0296,SV_S3,17.00682907044287,,-1,-1,0,1,0.8155958860987625,0.8155958860987625,True,False,77.18620320663439,28.53096832403023,s3_master_format.geojson,295,crown_0296
SV_S4:crown_0046,SV_S4,70.62884931123358,Prosopis Juliflora,-1,1,1,0,0.18675197175423275,0.8132480282457673,True,False,77.1836581320115,28.533567421825264,s4_master_format.geojson,45,crown_0046
SV_S3:crown_0028,SV_S3,12.575647434935501,,-1,-1,0,1,0.810523652463419,0.810523652463419,True,False,77.18498920482477,28.53065193279388,s3_master_format.geojson,27,crown_0028
SV_S2:crown_0521,SV_S2,26.16142628248719,,-1,-1,0,1,0.8079130681730564,0.8079130681730564,True,False,77.17485038081607,28.52802604119838,s2_master_format.geojson,520,crown_0521
SV_S3:crown_0268,SV_S3,16.672349399748793,,-1,-1,0,1,0.8075241783109108,0.8075241783109108,True,False,77.18576062709306,28.53138299941144,s3_master_format.geojson,267,crown_0268
SV_S3:crown_0086,SV_S3,21.396952444095884,,-1,-1,0,1,0.8075241783109108,0.8075241783109108,True,False,77.18581484905489,28.53131376225192,s3_master_format.geojson,85,crown_0086
SV_S3:crown_0345,SV_S3,17.45266371245621,,-1,-1,0,1,0.8075241783109108,0.8075241783109108,True,False,77.18578486166199,28.531351992113223,s3_master_format.geojson,344,crown_0345
SV_S2:crown_0200,SV_S2,12.300371658110448,,-1,-1,1,0,0.19514708590017832,0.8048529140998217,True,False,77.17356728133204,28.52976763692121,s2_master_format.geojson,199,crown_0200
SV_S2:crown_0218,SV_S2,11.60536034603372,,-1,-1,0,1,0.8046785566628375,0.8046785566628375,True,False,77.17392732747449,28.52834630182745,s2_master_format.geojson,217,crown_0218
SV_S2:crown_0121,SV_S2,27.664153451115908,,-1,-1,0,1,0.8015803169161831,0.8015803169161831,True,False,77.17369087495736,28.5291595653122,s2_master_format.geojson,120,crown_0121
SV_S2:crown_0287,SV_S2,17.542278036531247,,-1,-1,1,0,0.19904085398008703,0.800959146019913,True,False,77.17389131934105,28.5299378664726,s2_master_format.geojson,286,crown_0287
SV_S2:crown_0161,SV_S2,18.909393241934453,,-1,-1,1,0,0.19993148774649097,0.8000685122535091,True,False,77.17332254746496,28.529574021109013,s2_master_format.geojson,160,crown_0161
SV_S3:crown_0101,SV_S3,13.797234366185247,,-1,-1,0,1,0.7997684195185146,0.7997684195185146,True,False,77.18497627938604,28.53126141874198,s3_master_format.geojson,100,crown_0101
SV_S2:crown_0027,SV_S2,23.571741730166266,,-1,-1,0,1,0.7988340203458266,0.7988340203458266,True,False,77.17332995885226,28.52859878758551,s2_master_format.geojson,26,crown_0027
SV_S3:crown_0423,SV_S3,59.651431185090615,,-1,-1,0,1,0.7969341008925205,0.7969341008925205,True,False,77.18628476988319,28.531880425530726,s3_master_format.geojson,422,crown_0423
SV_S3:crown_0344,SV_S3,13.282139820311382,,-1,-1,0,1,0.7969341008925205,0.7969341008925205,True,False,77.18622984984802,28.53191957975648,s3_master_format.geojson,343,crown_0344
SV_S1:crown_0515,SV_S1,35.74639075381634,,-1,-1,1,0,0.20446367379030667,0.7955363262096933,True,False,77.17709739995503,28.53376389257498,s1_master_format.geojson,514,crown_0515
SV_S3:crown_0438,SV_S3,44.819030988889644,,-1,-1,0,1,0.795035392891898,0.795035392891898,True,False,77.18604475509133,28.530517499910264,s3_master_format.geojson,437,crown_0438
SV_S3:crown_0305,SV_S3,18.26553432240658,,-1,-1,0,1,0.795035392891898,0.795035392891898,True,False,77.18604592506432,28.530570932213163,s3_master_format.geojson,304,crown_0305
SV_S2:crown_0373,SV_S2,16.88712564233292,,-1,-1,1,0,0.20516256787874002,0.79483743212126,True,False,77.17360771278203,28.529659503071425,s2_master_format.geojson,372,crown_0373
SV_S2:crown_0172,SV_S2,28.694758562315524,,-1,-1,1,0,0.20516256787874002,0.79483743212126,True,False,77.17360304082025,28.529667553431867,s2_master_format.geojson,171,crown_0172
SV_S1:crown_0358,SV_S1,13.964033819071775,,-1,-1,1,0,0.20706751364784248,0.7929324863521575,True,False,77.17677707744289,28.533012344792084,s1_master_format.geojson,357,crown_0358
SV_S1:crown_0651,SV_S1,25.544334996611223,,-1,-1,1,0,0.20763321185132444,0.7923667881486756,True,False,77.17756375647245,28.533686498987333,s1_master_format.geojson,650,crown_0651
SV_S3:crown_0519,SV_S3,15.013222432215688,,-1,-1,0,1,0.7922818035365704,0.7922818035365704,True,False,77.1866874760981,28.53043368442498,s3_master_format.geojson,518,crown_0519
SV_S3:crown_0501,SV_S3,35.6020736638452,,-1,-1,0,1,0.7922818035365704,0.7922818035365704,True,False,77.18663916647162,28.53041927132979,s3_master_format.geojson,500,crown_0501
SV_S3:crown_0503,SV_S3,16.853379005515027,,-1,-1,0,1,0.7922818035365704,0.7922818035365704,True,False,77.18669160344677,28.53047309191872,s3_master_format.geojson,502,crown_0503
SV_S3:crown_0512,SV_S3,14.145607479428897,,-1,-1,0,1,0.7922818035365704,0.7922818035365704,True,False,77.18664369776025,28.53047001778356,s3_master_format.geojson,511,crown_0512
SV_S2:crown_0303,SV_S2,30.256128744192875,,-1,-1,1,0,0.20814170566898313,0.7918582943310168,True,False,77.17426516697694,28.52826323155345,s2_master_format.geojson,302,crown_0303
SV_S1:crown_0493,SV_S1,61.267128391119286,,-1,-1,1,0,0.20998347951091967,0.7900165204890803,True,False,77.17715428655023,28.532867191890016,s1_master_format.geojson,492,crown_0493
SV_S2:crown_0167,SV_S2,49.15704624011931,,-1,-1,1,0,0.21034968178628088,0.7896503182137191,True,False,77.17329097147353,28.52963121804208,s2_master_format.geojson,166,crown_0167
SV_S2:crown_0464,SV_S2,24.73750065685542,,-1,-1,0,1,0.7882129242902363,0.7882129242902363,True,False,77.17450598267004,28.52813259538663,s2_master_format.geojson,463,crown_0464
SV_S2:crown_0129,SV_S2,14.086463696415725,,-1,-1,0,1,0.7876747573865727,0.7876747573865727,True,False,77.1735777914772,28.529151902539564,s2_master_format.geojson,128,crown_0129
SV_S2:crown_0136,SV_S2,21.25442647973307,,-1,-1,0,1,0.7876747573865727,0.7876747573865727,True,False,77.17359507149106,28.529227528605595,s2_master_format.geojson,135,crown_0136
SV_S2:crown_0669,SV_S2,28.38459200888228,,-1,-1,0,1,0.7840834037535626,0.7840834037535626,True,False,77.17478848072568,28.52799730248253,s2_master_format.geojson,668,crown_0669
SV_S2:crown_0116,SV_S2,12.309992780614598,,-1,-1,0,1,0.7824711673654109,0.7824711673654109,True,False,77.17335324410008,28.52930210770788,s2_master_format.geojson,115,crown_0116
SV_S3:crown_0415,SV_S3,17.253593359945977,,-1,-1,0,1,0.7805150851391406,0.7805150851391406,True,False,77.18631044117284,28.53180886810638,s3_master_format.geojson,414,crown_0415
SV_S3:crown_0604,SV_S3,16.00048696782935,,-1,-1,0,1,0.7804249742278958,0.7804249742278958,True,False,77.18658384878836,28.53079593844532,s3_master_format.geojson,603,crown_0604
SV_S1:crown_0520,SV_S1,20.826064189519126,,-1,-1,1,0,0.21976647148425477,0.7802335285157452,True,False,77.17687891179042,28.533852415862043,s1_master_format.geojson,519,crown_0520
SV_S2:crown_0644,SV_S2,22.748219754954143,,-1,-1,1,0,0.22013448375267222,0.7798655162473278,True,False,77.17510039073034,28.52955545519584,s2_master_format.geojson,643,crown_0644
SV_S3:crown_0038,SV_S3,18.229452812307656,,-1,-1,1,0,0.220276034040472,0.779723965959528,True,False,77.1857571264186,28.5307425649286,s3_master_format.geojson,37,crown_0038
SV_S3:crown_0335,SV_S3,19.073842899204834,,-1,-1,0,1,0.7782252579395524,0.7782252579395524,True,False,77.1857871727128,28.53119723370696,s3_master_format.geojson,334,crown_0335
SV_S3:crown_0073,SV_S3,35.19626044999152,,-1,-1,0,1,0.7782252579395524,0.7782252579395524,True,False,77.1857185779358,28.531180031303023,s3_master_format.geojson,72,crown_0073
SV_S3:crown_0064,SV_S3,25.432274385071274,,-1,-1,0,1,0.7782252579395524,0.7782252579395524,True,False,77.18580553015481,28.53114403539553,s3_master_format.geojson,63,crown_0064
SV_S3:crown_0148,SV_S3,65.02031712662352,,-1,-1,0,1,0.7782252579395524,0.7782252579395524,True,False,77.18571852296975,28.53120005297302,s3_master_format.geojson,147,crown_0148
SV_S2:crown_0677,SV_S2,8.844786395163274,,-1,-1,0,1,0.7757254452607879,0.7757254452607879,True,False,77.17528753032362,28.528100298525217,s2_master_format.geojson,676,crown_0677
SV_S2:crown_0192,SV_S2,44.97735722544858,Prosopis Juliflora,-1,1,1,0,0.22560880731776228,0.7743911926822378,True,False,77.17351341629839,28.529784950952383,s2_master_format.geojson,191,crown_0192
SV_S1:crown_0230,SV_S1,11.463314297212538,,-1,-1,0,1,0.7743569936149404,0.7743569936149404,True,False,77.1761127397129,28.53179165958421,s1_master_format.geojson,229,crown_0230
SV_S4:crown_0075,SV_S4,48.74024879989636,,-1,-1,0,1,0.7736810623151122,0.7736810623151122,True,False,77.18343012986581,28.53299974392286,s4_master_format.geojson,74,crown_0075
SV_S2:crown_0209,SV_S2,39.94413750118198,,-1,-1,0,1,0.7729589052517643,0.7729589052517643,True,False,77.17395809467867,28.528175593101736,s2_master_format.geojson,208,crown_0209
SV_S3:crown_0336,SV_S3,17.118806144430586,,-1,-1,0,1,0.7706869717436317,0.7706869717436317,True,False,77.18623340413752,28.53118401629252,s3_master_format.geojson,335,crown_0336
SV_S3:crown_0384,SV_S3,39.2000629234476,,-1,0,0,1,0.7706869717436317,0.7706869717436317,True,False,77.18628858346199,28.53119370056852,s3_master_format.geojson,383,crown_0384
SV_S3:crown_0352,SV_S3,15.200887710941686,,-1,-1,0,1,0.7662012085562164,0.7662012085562164,True,False,77.18623378254665,28.53216124805339,s3_master_format.geojson,351,crown_0352
SV_S2:crown_0394,SV_S2,19.419541631389013,,-1,-1,1,0,0.234020221040633,0.765979778959367,True,False,77.17431166830113,28.52829166688313,s2_master_format.geojson,393,crown_0394
SV_S2:crown_0392,SV_S2,60.33976456154408,,-1,-1,1,0,0.234020221040633,0.765979778959367,True,False,77.17441741744003,28.52830816174449,s2_master_format.geojson,391,crown_0392
SV_S2:crown_0403,SV_S2,36.535283386603155,,-1,-1,1,0,0.234020221040633,0.765979778959367,True,False,77.1743687262529,28.528249314901,s2_master_format.geojson,402,crown_0403
SV_S2:crown_0643,SV_S2,9.89669541497333,,-1,-1,0,1,0.7638156426024607,0.7638156426024607,True,False,77.17492299725069,28.529603301883213,s2_master_format.geojson,642,crown_0643
SV_S2:crown_0580,SV_S2,16.34513593392297,,-1,-1,0,1,0.7638156426024607,0.7638156426024607,True,False,77.17484719705598,28.529669061718582,s2_master_format.geojson,579,crown_0580
SV_S2:crown_0560,SV_S2,16.237241957389028,,-1,-1,1,0,0.23683237201820778,0.7631676279817923,True,False,77.17493995655617,28.529102496765034,s2_master_format.geojson,559,crown_0560
SV_S3:crown_0008,SV_S3,50.09957945790502,,-1,-1,0,1,0.7625080652606179,0.7625080652606179,True,False,77.18575027352144,28.53101780052265,s3_master_format.geojson,7,crown_0008
SV_S4:crown_0119,SV_S4,29.57512578207931,,-1,-1,1,0,0.23828729497137893,0.7617127050286211,True,False,77.18314107933749,28.533418905707546,s4_master_format.geojson,118,crown_0119
SV_S2:crown_0680,SV_S2,14.669457692709795,,-1,-1,0,1,0.761471693312496,0.761471693312496,True,False,77.17529910271718,28.52823030208509,s2_master_format.geojson,679,crown_0680
SV_S2:crown_0661,SV_S2,56.03912433812418,,-1,-1,0,1,0.761471693312496,0.761471693312496,True,False,77.17525687939514,28.52818646360253,s2_master_format.geojson,660,crown_0661
SV_S4:crown_0039,SV_S4,80.93187260097137,,-1,-1,1,0,0.23881297413610483,0.7611870258638952,True,False,77.18416930827279,28.533294086558783,s4_master_format.geojson,38,crown_0039
SV_S4:crown_0091,SV_S4,41.637811465246166,,-1,-1,0,1,0.7601209974715439,0.7601209974715439,True,False,77.18367343852258,28.5327060172738,s4_master_format.geojson,90,crown_0091
SV_S3:crown_0556,SV_S3,11.778951294960095,,-1,-1,0,1,0.7567171262122087,0.7567171262122087,True,False,77.18620672145035,28.53213904764886,s3_master_format.geojson,555,crown_0556
SV_S2:crown_0390,SV_S2,11.427369642747278,,-1,-1,1,0,0.2449064573732113,0.7550935426267887,True,False,77.17375383401748,28.529905132886043,s2_master_format.geojson,389,crown_0390
SV_S3:crown_0046,SV_S3,22.708950484269888,,-1,-1,0,1,0.754481604497794,0.754481604497794,True,False,77.18567666306623,28.531049519104048,s3_master_format.geojson,45,crown_0046
SV_S2:crown_0388,SV_S2,25.11593133839562,,-1,-1,1,0,0.2509606113567357,0.7490393886432642,True,False,77.17373026811583,28.529846771548502,s2_master_format.geojson,387,crown_0388
SV_S3:crown_0023,SV_S3,39.820498847759296,,-1,-1,1,0,0.2511443930382039,0.7488556069617961,True,False,77.18536300804134,28.53071158702184,s3_master_format.geojson,22,crown_0023
SV_S3:crown_0403,SV_S3,11.920788924236277,,-1,-1,0,1,0.7454011189184354,0.7454011189184354,True,False,77.18637015095723,28.53155814846417,s3_master_format.geojson,402,crown_0403
SV_S3:crown_0401,SV_S3,11.758836896785684,,-1,-1,0,1,0.7454011189184354,0.7454011189184354,True,False,77.18633195955266,28.531538466538585,s3_master_format.geojson,400,crown_0401
SV_S3:crown_0628,SV_S3,28.067260805326395,,-1,-1,0,1,0.7447424459853217,0.7447424459853217,True,False,77.18629173100311,28.532094991687888,s3_master_format.geojson,627,crown_0628
SV_S3:crown_0255,SV_S3,33.77352952157805,,-1,-1,1,0,0.25594412036515474,0.7440558796348453,True,False,77.18539066071612,28.53142034040573,s3_master_format.geojson,254,crown_0255
SV_S3:crown_0013,SV_S3,38.25945549764703,,-1,-1,1,0,0.2563200545895411,0.7436799454104589,True,False,77.185683832602,28.53085147582708,s3_master_format.geojson,12,crown_0013
SV_S2:crown_0681,SV_S2,15.990528976230019,,-1,-1,0,1,0.7427265495765366,0.7427265495765366,True,False,77.17527478199762,28.52860526963323,s2_master_format.geojson,680,crown_0681
SV_S4:crown_0002,SV_S4,204.797508021424,Prosopis Juliflora,-1,1,1,0,0.25951587526166514,0.7404841247383349,True,False,77.1837657107811,28.533469326592154,s4_master_format.geojson,1,crown_0002
SV_S3:crown_0226,SV_S3,17.982688524901512,,-1,-1,0,1,0.7399372716001,0.7399372716001,True,False,77.18584402868564,28.53097593709467,s3_master_format.geojson,225,crown_0226
SV_S3:crown_0130,SV_S3,11.92265520284976,,-1,-1,0,1,0.7371543407947927,0.7371543407947927,True,False,77.18557492736845,28.531524958634567,s3_master_format.geojson,129,crown_0130
SV_S2:crown_0449,SV_S2,15.572239372833346,,-1,-1,1,0,0.26386394753601605,0.736136052463984,True,False,77.17415664626168,28.52977727862368,s2_master_format.geojson,448,crown_0449
SV_S1:crown_0050,SV_S1,18.29054856951261,,-1,-1,0,1,0.7339151723656112,0.7339151723656112,True,False,77.17581046758602,28.532447832448483,s1_master_format.geojson,49,crown_0050
SV_S1:crown_0103,SV_S1,17.606825252107516,,-1,-1,1,0,0.26653002962036626,0.7334699703796337,True,False,77.17637936526963,28.53282537471376,s1_master_format.geojson,102,crown_0103
SV_S1:crown_0114,SV_S1,26.814592523220313,,-1,-1,1,0,0.26653002962036626,0.7334699703796337,True,False,77.17637561681845,28.532779831953444,s1_master_format.geojson,113,crown_0114
SV_S2:crown_0434,SV_S2,58.346818469473995,,-1,-1,0,1,0.7318365496916095,0.7318365496916095,True,False,77.17371794232807,28.52905112481175,s2_master_format.geojson,433,crown_0434
SV_S1:crown_0262,SV_S1,21.245617133406263,,-1,-1,1,0,0.27096644870344516,0.7290335512965549,True,False,77.17638620130663,28.532443764903885,s1_master_format.geojson,261,crown_0262
SV_S3:crown_0248,SV_S3,10.536627877015178,,-1,-1,0,1,0.7284922321271445,0.7284922321271445,True,False,77.1858655343278,28.53133411140799,s3_master_format.geojson,247,crown_0248
SV_S3:crown_0244,SV_S3,14.003977216457097,,-1,-1,0,1,0.7284922321271445,0.7284922321271445,True,False,77.18591627682046,28.53132934437057,s3_master_format.geojson,243,crown_0244
SV_S3:crown_0243,SV_S3,15.54718718013282,,-1,-1,0,1,0.7284922321271445,0.7284922321271445,True,False,77.18588409351122,28.53136540547065,s3_master_format.geojson,242,crown_0243
SV_S2:crown_0687,SV_S2,16.716465316646715,,-1,-1,1,0,0.2717349001334864,0.7282650998665137,True,False,77.1751377723029,28.52905959433596,s2_master_format.geojson,686,crown_0687
SV_S2:crown_0081,SV_S2,32.38033439111242,,-1,-1,1,0,0.2721801929896292,0.7278198070103707,True,False,77.17352977980194,28.528251804459792,s2_master_format.geojson,80,crown_0081
SV_S2:crown_0009,SV_S2,22.448590619080647,,-1,-1,1,0,0.2721801929896292,0.7278198070103707,True,False,77.17358641569902,28.52830438148141,s2_master_format.geojson,8,crown_0009
SV_S3:crown_0517,SV_S3,26.76604574486822,,-1,-1,0,1,0.7276559148187677,0.7276559148187677,True,False,77.18664931992092,28.530919018217595,s3_master_format.geojson,516,crown_0517
SV_S3:crown_0431,SV_S3,39.45076714257381,,-1,-1,0,1,0.7276559148187677,0.7276559148187677,True,False,77.18653794712304,28.53085482932069,s3_master_format.geojson,430,crown_0431
SV_S3:crown_0428,SV_S3,51.51069795160094,,-1,-1,0,1,0.727454517539617,0.727454517539617,True,False,77.18642202913966,28.530685443074447,s3_master_format.geojson,427,crown_0428
SV_S2:crown_0266,SV_S2,41.84224685007173,,-1,-1,1,0,0.2744978252803133,0.7255021747196867,True,False,77.17397088928199,28.529872535260523,s2_master_format.geojson,265,crown_0266
SV_S3:crown_0253,SV_S3,46.13331004805263,,-1,-1,0,1,0.7254725341566154,0.7254725341566154,True,False,77.18589047190795,28.53161159519853,s3_master_format.geojson,252,crown_0253
SV_S3:crown_0358,SV_S3,26.74530924556397,,-1,-1,0,1,0.7254725341566154,0.7254725341566154,True,False,77.18586833707911,28.53161902357937,s3_master_format.geojson,357,crown_0358
SV_S1:crown_0009,SV_S1,27.607503593502532,,-1,-1,0,1,0.7247866351814619,0.7247866351814619,True,False,77.17610255180628,28.5324319751428,s1_master_format.geojson,8,crown_0009
SV_S3:crown_0593,SV_S3,53.4037325896839,,-1,-1,0,1,0.7245143192907441,0.7245143192907441,True,False,77.18657414880744,28.53127179648425,s3_master_format.geojson,592,crown_0593
SV_S2:crown_0011,SV_S2,41.48672359764374,,-1,-1,0,1,0.7233224885961804,0.7233224885961804,True,False,77.17382696253824,28.52823772093797,s2_master_format.geojson,10,crown_0011
SV_S2:crown_0670,SV_S2,40.18970511282327,,-1,-1,0,1,0.7221909666505423,0.7221909666505423,True,False,77.17519096435535,28.52846989685672,s2_master_format.geojson,669,crown_0670
SV_S1:crown_0059,SV_S1,11.846471324503417,,-1,-1,0,1,0.7201891882445183,0.7201891882445183,True,False,77.17640055007597,28.53231359811512,s1_master_format.geojson,58,crown_0059
SV_S3:crown_0166,SV_S3,38.41497922212884,,-1,-1,0,1,0.7177240968366158,0.7177240968366158,True,False,77.18506050022032,28.53198076056572,s3_master_format.geojson,165,crown_0166
SV_S3:crown_0113,SV_S3,26.561169173943597,,-1,-1,0,1,0.716265134469213,0.716265134469213,True,False,77.18560283090994,28.53149102020899,s3_master_format.geojson,112,crown_0113
SV_S3:crown_0114,SV_S3,17.580400520774358,,-1,-1,0,1,0.716265134469213,0.716265134469213,True,False,77.18562950038447,28.531529835386653,s3_master_format.geojson,113,crown_0114
SV_S2:crown_0328,SV_S2,24.596390911724686,,-1,-1,0,1,0.7161968352184336,0.7161968352184336,True,False,77.17425856419565,28.528638181857783,s2_master_format.geojson,327,crown_0328
SV_S3:crown_0486,SV_S3,14.575475020560871,,-1,-1,0,1,0.7152161150312653,0.7152161150312653,True,False,77.18629264916507,28.53193868698175,s3_master_format.geojson,485,crown_0486
SV_S3:crown_0201,SV_S3,11.925765686179009,,-1,0,0,1,0.7141303532598742,0.7141303532598742,True,False,77.18531029666303,28.532083801600624,s3_master_format.geojson,200,crown_0201
SV_S1:crown_0534,SV_S1,20.00175664088932,,-1,-1,0,1,0.7138720784081166,0.7138720784081166,True,False,77.17725852148956,28.53236835766917,s1_master_format.geojson,533,crown_0534
SV_S3:crown_0444,SV_S3,57.570316540996515,,-1,-1,0,1,0.7137255644896371,0.7137255644896371,True,False,77.18649370749233,28.531045675741414,s3_master_format.geojson,443,crown_0444
SV_S2:crown_0406,SV_S2,42.801380790537856,,-1,-1,1,0,0.2867651782456399,0.71323482175436,True,False,77.17441391558833,28.528371072969257,s2_master_format.geojson,405,crown_0406
SV_S3:crown_0479,SV_S3,28.166381261943364,,-1,-1,0,1,0.7116933838184829,0.7116933838184829,True,False,77.18638661928247,28.53160173930456,s3_master_format.geojson,478,crown_0479
SV_S4:crown_0048,SV_S4,69.30090408872489,,-1,-1,1,0,0.28916597280330775,0.7108340271966922,True,False,77.1843219414144,28.533130020168176,s4_master_format.geojson,47,crown_0048
SV_S1:crown_0061,SV_S1,9.96808200234268,,-1,-1,0,1,0.7104666183912839,0.7104666183912839,True,False,77.17615120149891,28.531958520909345,s1_master_format.geojson,60,crown_0061
SV_S3:crown_0533,SV_S3,17.69652489487993,,-1,-1,0,1,0.709873937907373,0.709873937907373,True,False,77.18651291192838,28.53102047456381,s3_master_format.geojson,532,crown_0533
SV_S2:crown_0488,SV_S2,12.05892739003604,,-1,-1,0,1,0.7088008101576432,0.7088008101576432,True,False,77.17445260561736,28.52878099142242,s2_master_format.geojson,487,crown_0488
SV_S2:crown_0641,SV_S2,12.81464338364368,,-1,-1,0,1,0.7088008101576432,0.7088008101576432,True,False,77.17449874588638,28.528754542854667,s2_master_format.geojson,640,crown_0641
SV_S4:crown_0141,SV_S4,22.804224835653397,,-1,-1,1,0,0.2914154115137859,0.7085845884862141,True,False,77.18419044148223,28.533378686859315,s4_master_format.geojson,140,crown_0141
SV_S3:crown_0194,SV_S3,35.16971773664467,,-1,-1,0,1,0.7085168134216826,0.7085168134216826,True,False,77.18503106009351,28.53208922514197,s3_master_format.geojson,193,crown_0194
SV_S1:crown_0596,SV_S1,39.795136649342744,,-1,-1,0,1,0.7084787316323379,0.7084787316323379,True,False,77.17742109730513,28.53173619091313,s1_master_format.geojson,595,crown_0596
SV_S2:crown_0117,SV_S2,40.444893832750445,,-1,-1,1,0,0.2929542229303605,0.7070457770696394,True,False,77.1738449890428,28.529265963928907,s2_master_format.geojson,116,crown_0117
SV_S1:crown_0533,SV_S1,27.31333658278374,,-1,-1,0,1,0.7064237316323378,0.7064237316323378,True,False,77.17742790536519,28.531742009796183,s1_master_format.geojson,532,crown_0533
SV_S3:crown_0250,SV_S3,17.84499819677329,,-1,-1,0,1,0.7061292604001661,0.7061292604001661,True,False,77.18587214365374,28.531571564067026,s3_master_format.geojson,249,crown_0250
SV_S2:crown_0559,SV_S2,24.352197746508146,,-1,-1,1,0,0.29451125086196744,0.7054887491380326,True,False,77.17453526897162,28.528508082723867,s2_master_format.geojson,558,crown_0559
SV_S2:crown_0205,SV_S2,42.241981440314916,,-1,-1,0,1,0.7045429332062685,0.7045429332062685,True,False,77.17409090948958,28.528197270509203,s2_master_format.geojson,204,crown_0205
SV_S2:crown_0233,SV_S2,40.12533524750921,,-1,-1,1,0,0.2966648224755774,0.7033351775244225,True,False,77.17392662742802,28.529088201963187,s2_master_format.geojson,232,crown_0233
SV_S3:crown_0033,SV_S3,35.85339997933475,,-1,-1,1,0,0.2979898378805869,0.702010162119413,True,False,77.18557251201807,28.530809014441875,s3_master_format.geojson,32,crown_0033
SV_S2:crown_0246,SV_S2,59.71576627959926,,-1,-1,1,0,0.2979993213289555,0.7020006786710444,True,False,77.17406148483248,28.52929405604516,s2_master_format.geojson,245,crown_0246
SV_S4:crown_0095,SV_S4,39.71837972631337,,-1,-1,1,0,0.29995062945152123,0.7000493705484787,True,False,77.18426417610718,28.53345679333348,s4_master_format.geojson,94,crown_0095
SV_S2:crown_0091,SV_S2,24.893271153988948,,-1,-1,0,1,0.6991278951413423,0.6991278951413423,True,False,77.17366782224417,28.52900739617688,s2_master_format.geojson,90,crown_0091
SV_S2:crown_0460,SV_S2,20.943343631518154,,-1,-1,0,1,0.6986354441725638,0.6986354441725638,True,False,77.1745288784918,28.52789490242781,s2_master_format.geojson,459,crown_0460
SV_S3:crown_0199,SV_S3,63.01634224196852,,-1,-1,0,1,0.6986333551976995,0.6986333551976995,True,False,77.18513898355488,28.53207173526251,s3_master_format.geojson,198,crown_0199
SV_S2:crown_0587,SV_S2,21.33483154221745,,-1,-1,1,0,0.3018202780433787,0.6981797219566213,True,False,77.17484010336163,28.529722831468515,s2_master_format.geojson,586,crown_0587
SV_S2:crown_0014,SV_S2,15.790547144726654,,-1,-1,1,0,0.30183997586143824,0.6981600241385617,True,False,77.17367090286314,28.528652077277577,s2_master_format.geojson,13,crown_0014
SV_S2:crown_0211,SV_S2,14.616541542280128,,-1,-1,0,1,0.6978189591547447,0.6978189591547447,True,False,77.17408116800468,28.52867558805968,s2_master_format.geojson,210,crown_0211
SV_S3:crown_0043,SV_S3,23.70471697940605,,-1,-1,0,1,0.6974765714198387,0.6974765714198387,True,False,77.18528416713671,28.53043946995255,s3_master_format.geojson,42,crown_0043
SV_S3:crown_0518,SV_S3,12.006223282865509,,-1,-1,0,1,0.6974047798805263,0.6974047798805263,True,False,77.18678014206833,28.530633016537337,s3_master_format.geojson,517,crown_0518
SV_S2:crown_0502,SV_S2,31.87041507874773,,-1,-1,1,0,0.30311158857045634,0.6968884114295437,True,False,77.17467100205712,28.529652980002428,s2_master_format.geojson,501,crown_0502
SV_S1:crown_0323,SV_S1,57.373565085908936,,-1,-1,1,0,0.3041272672948439,0.6958727327051561,True,False,77.17665403915288,28.532030656944706,s1_master_format.geojson,322,crown_0323
SV_S2:crown_0098,SV_S2,19.901972027415358,,-1,-1,0,1,0.6955925785705981,0.6955925785705981,True,False,77.17367269069045,28.5291105579796,s2_master_format.geojson,97,crown_0098
SV_S3:crown_0233,SV_S3,16.476596890594333,,-1,-1,0,1,0.6955173308619869,0.6955173308619869,True,False,77.18585564419146,28.53110323925193,s3_master_format.geojson,232,crown_0233
SV_S2:crown_0612,SV_S2,76.68787847018352,,-1,-1,1,0,0.3052921997949984,0.6947078002050016,True,False,77.17458188925214,28.528459690894568,s2_master_format.geojson,611,crown_0612
SV_S3:crown_0292,SV_S3,23.883465560040637,,-1,-1,0,1,0.694619428062927,0.694619428062927,True,False,77.18610850025972,28.530907595391348,s3_master_format.geojson,291,crown_0292
SV_S3:crown_0294,SV_S3,12.323076927156698,,-1,-1,0,1,0.694619428062927,0.694619428062927,True,False,77.1860799762287,28.530936928517264,s3_master_format.geojson,293,crown_0294
SV_S2:crown_0228,SV_S2,12.673991781651598,,-1,-1,0,1,0.6939413574983043,0.6939413574983043,True,False,77.17375284854984,28.52891093406137,s2_master_format.geojson,227,crown_0228
SV_S2:crown_0340,SV_S2,15.268486895346715,,-1,-1,0,1,0.6939413574983043,0.6939413574983043,True,False,77.17377558418934,28.528879066818085,s2_master_format.geojson,339,crown_0340
SV_S2:crown_0652,SV_S2,30.732832283268635,,-1,-1,1,0,0.3074707852562605,0.6925292147437395,True,False,77.17495651210521,28.529814822820715,s2_master_format.geojson,651,crown_0652
SV_S2:crown_0631,SV_S2,24.138929607101122,,-1,-1,1,0,0.3080750692698823,0.6919249307301176,True,False,77.17511068505353,28.52902686013274,s2_master_format.geojson,630,crown_0631
SV_S1:crown_0565,SV_S1,35.115061563238115,,-1,-1,1,0,0.30877219195068945,0.6912278080493106,True,False,77.17717931884279,28.532811698526054,s1_master_format.geojson,564,crown_0565
SV_S1:crown_0485,SV_S1,73.6487396909477,,-1,-1,1,0,0.30877219195068945,0.6912278080493106,True,False,77.17716533596902,28.53279954113758,s1_master_format.geojson,484,crown_0485
SV_S2:crown_0139,SV_S2,33.41826988168823,,-1,-1,0,1,0.6901193431574025,0.6901193431574025,True,False,77.1737161342474,28.529298213656364,s2_master_format.geojson,138,crown_0139
SV_S2:crown_0457,SV_S2,14.232842148639456,,-1,-1,0,1,0.6899552594992778,0.6899552594992778,True,False,77.17459128847406,28.52787433168068,s2_master_format.geojson,456,crown_0457
SV_S3:crown_0198,SV_S3,10.495362253253079,,-1,-1,0,1,0.6890257774433994,0.6890257774433994,True,False,77.18571297341622,28.53179649451831,s3_master_format.geojson,197,crown_0198
SV_S3:crown_0171,SV_S3,29.197814523668807,,-1,-1,0,1,0.6890257774433994,0.6890257774433994,True,False,77.18567245336111,28.53182127297183,s3_master_format.geojson,170,crown_0171
SV_S3:crown_0146,SV_S3,17.134151145045116,,-1,-1,0,1,0.6890257774433994,0.6890257774433994,True,False,77.1856107224481,28.531760926496304,s3_master_format.geojson,145,crown_0146
SV_S3:crown_0144,SV_S3,22.589508273574797,,-1,-1,0,1,0.6890257774433994,0.6890257774433994,True,False,77.18565666934114,28.53178362200158,s3_master_format.geojson,143,crown_0144
SV_S3:crown_0412,SV_S3,38.40564779152824,,-1,-1,0,1,0.6876390721484906,0.6876390721484906,True,False,77.186218595357,28.53127473519933,s3_master_format.geojson,411,crown_0412
SV_S2:crown_0709,SV_S2,44.220495853235306,,-1,-1,0,1,0.6873112485791669,0.6873112485791669,True,False,77.17529978214354,28.528935393231954,s2_master_format.geojson,708,crown_0709
SV_S1:crown_0351,SV_S1,22.33889451120497,,-1,-1,1,0,0.31319389961049027,0.6868061003895097,True,False,77.1767969574641,28.533067645076155,s1_master_format.geojson,350,crown_0351
SV_S1:crown_0350,SV_S1,20.812465715909198,,-1,-1,1,0,0.31319389961049027,0.6868061003895097,True,False,77.17683127577142,28.53302931077485,s1_master_format.geojson,349,crown_0350
SV_S2:crown_0400,SV_S2,35.865470245859065,,-1,-1,1,0,0.3134747403323227,0.6865252596676773,True,False,77.17441678792358,28.528178266715248,s2_master_format.geojson,399,crown_0400
SV_S2:crown_0409,SV_S2,15.138372713273066,,-1,-1,1,0,0.3134747403323227,0.6865252596676773,True,False,77.17442554423003,28.52822856383621,s2_master_format.geojson,408,crown_0409
SV_S3:crown_0247,SV_S3,72.06699287706266,,-1,-1,1,0,0.3139756943620281,0.6860243056379719,True,False,77.18572874365155,28.53089966214448,s3_master_format.geojson,246,crown_0247
SV_S3:crown_0237,SV_S3,21.124060161054743,,-1,-1,1,0,0.3139756943620281,0.6860243056379719,True,False,77.18568416029542,28.530864123711176,s3_master_format.geojson,236,crown_0237
SV_S3:crown_0287,SV_S3,21.376215944745404,,-1,-1,0,1,0.6837040390617023,0.6837040390617023,True,False,77.18616293854735,28.53093935674014,s3_master_format.geojson,286,crown_0287
SV_S3:crown_0279,SV_S3,14.874287916380933,,-1,-1,0,1,0.6837040390617023,0.6837040390617023,True,False,77.18615108942222,28.530897626522904,s3_master_format.geojson,278,crown_0279
SV_S3:crown_0047,SV_S3,15.831899257889605,,-1,-1,1,0,0.3163809750890538,0.6836190249109462,True,False,77.18540482112608,28.53067449940206,s3_master_format.geojson,46,crown_0047
SV_S2:crown_0514,SV_S2,39.11191070003582,,-1,-1,1,0,0.3169084209610493,0.6830915790389507,True,False,77.17413089312794,28.52993063235271,s2_master_format.geojson,513,crown_0514
SV_S2:crown_0267,SV_S2,20.319345338135125,,-1,-1,1,0,0.3169084209610493,0.6830915790389507,True,False,77.17410622985552,28.529883724194978,s2_master_format.geojson,266,crown_0267
SV_S4:crown_0068,SV_S4,52.411344467416384,,-1,-1,1,0,0.31774955650309805,0.6822504434969019,True,False,77.18436039190505,28.53319109282045,s4_master_format.geojson,67,crown_0068
SV_S4:crown_0032,SV_S4,88.25946675161298,,-1,-1,0,1,0.6809945471437324,0.6809945471437324,True,False,77.18397246835707,28.53255073079364,s4_master_format.geojson,31,crown_0032
SV_S2:crown_0462,SV_S2,13.426729815134538,,-1,-1,0,1,0.6803839227644449,0.6803839227644449,True,False,77.17447716627382,28.52789148719943,s2_master_format.geojson,461,crown_0462
SV_S3:crown_0596,SV_S3,13.654152549737157,,-1,-1,0,1,0.6796810503418794,0.6796810503418794,True,False,77.18699783790181,28.53131488211608,s3_master_format.geojson,595,crown_0596
SV_S2:crown_0407,SV_S2,24.080515673299775,,-1,-1,1,0,0.3203999721549627,0.6796000278450374,True,False,77.17448796059148,28.52852436035121,s2_master_format.geojson,406,crown_0407
SV_S3:crown_0504,SV_S3,21.79861834676248,,-1,-1,0,1,0.6793986759793564,0.6793986759793564,True,False,77.18670227168461,28.530888135232804,s3_master_format.geojson,503,crown_0504
SV_S2:crown_0106,SV_S2,30.667775195776386,,-1,-1,1,0,0.3220602937338843,0.6779397062661157,True,False,77.1731584676442,28.5288877113809,s2_master_format.geojson,105,crown_0106
SV_S1:crown_0081,SV_S1,17.955586138462273,,-1,-1,1,0,0.32214164528577205,0.677858354714228,True,False,77.17622975784019,28.53211474960373,s1_master_format.geojson,80,crown_0081
SV_S3:crown_0184,SV_S3,7.403136103587276,,-1,-1,0,1,0.6766822224560112,0.6766822224560112,True,False,77.18499675147557,28.531958047989026,s3_master_format.geojson,183,crown_0184
SV_S2:crown_0006,SV_S2,20.58484240756528,,-1,-1,0,1,0.6754583037520493,0.6754583037520493,True,False,77.17341191845927,28.528571493239888,s2_master_format.geojson,5,crown_0006
SV_S3:crown_0453,SV_S3,24.953053978715065,,-1,-1,0,1,0.6751729643447962,0.6751729643447962,True,False,77.18620036571826,28.530564016467668,s3_master_format.geojson,452,crown_0453
SV_S3:crown_0011,SV_S3,37.91854752808207,,-1,-1,1,0,0.325277986587216,0.674722013412784,True,False,77.18553615305271,28.53038870379938,s3_master_format.geojson,10,crown_0011
SV_S2:crown_0610,SV_S2,43.74241786895735,,-1,-1,0,1,0.6745789163054186,0.6745789163054186,True,False,77.17502854193577,28.52812674499345,s2_master_format.geojson,609,crown_0610
SV_S1:crown_0265,SV_S1,17.656419686277232,,-1,-1,0,1,0.673979946167109,0.673979946167109,True,False,77.17602493184542,28.532802773735497,s1_master_format.geojson,264,crown_0265
SV_S1:crown_0068,SV_S1,34.73550412636043,,-1,-1,0,1,0.673979946167109,0.673979946167109,True,False,77.17600810005305,28.532754231506743,s1_master_format.geojson,67,crown_0068
SV_S2:crown_0080,SV_S2,10.388288781670695,,-1,-1,0,1,0.673273286647339,0.673273286647339,True,False,77.17354414443841,28.528879428889592,s2_master_format.geojson,79,crown_0080
SV_S3:crown_0351,SV_S3,26.57609945220779,,-1,-1,0,1,0.672935068077444,0.672935068077444,True,False,77.18609574048854,28.532028004388884,s3_master_format.geojson,350,crown_0351
SV_S1:crown_0395,SV_S1,32.18139059056181,Amaltas,-1,0,0,1,0.6719323362162434,0.6719323362162434,True,False,77.17686912435522,28.532388781084872,s1_master_format.geojson,394,crown_0395
SV_S3:crown_0459,SV_S3,31.197227374925124,Banyan,-1,0,0,1,0.6717190096657834,0.6717190096657834,True,False,77.18662934496523,28.53122608156595,s3_master_format.geojson,458,crown_0459
SV_S3:crown_0465,SV_S3,27.534747619634963,,-1,-1,0,1,0.6717190096657834,0.6717190096657834,True,False,77.18657917230874,28.531279804668777,s3_master_format.geojson,464,crown_0465
SV_S2:crown_0135,SV_S2,12.625428040480866,,-1,-1,0,1,0.6706414018363911,0.6706414018363911,True,False,77.17342420652686,28.528926684290767,s2_master_format.geojson,134,crown_0135
SV_S3:crown_0545,SV_S3,16.05460921470427,,-1,-1,0,1,0.6692574197132333,0.6692574197132333,True,False,77.18667800350113,28.53113901039616,s3_master_format.geojson,544,crown_0545
SV_S1:crown_0466,SV_S1,13.080532912306362,,-1,-1,0,1,0.6675973663472903,0.6675973663472903,True,False,77.1770579661864,28.531789611190906,s1_master_format.geojson,465,crown_0466
SV_S2:crown_0675,SV_S2,11.992953998507799,,-1,-1,0,1,0.6674934999980402,0.6674934999980402,True,False,77.17519655794501,28.528387522825028,s2_master_format.geojson,674,crown_0675
SV_S2:crown_0620,SV_S2,8.505527408693874,,-1,-1,0,1,0.6666734978522365,0.6666734978522365,True,False,77.1747851641341,28.528238437249232,s2_master_format.geojson,619,crown_0620
SV_S2:crown_0554,SV_S2,30.36585531633377,,-1,-1,0,1,0.6666734978522365,0.6666734978522365,True,False,77.17473047091906,28.528228194542507,s2_master_format.geojson,553,crown_0554
SV_S3:crown_0361,SV_S3,10.768461889906543,,-1,-1,0,1,0.6665209746673092,0.6665209746673092,True,False,77.18559578292513,28.53169735035588,s3_master_format.geojson,360,crown_0361
SV_S3:crown_0143,SV_S3,36.99992079814601,,-1,-1,0,1,0.6665209746673092,0.6665209746673092,True,False,77.1856978994,28.53174502054965,s3_master_format.geojson,142,crown_0143
